iter	RMSE
0	0.3748273371
1	0.3622600118
2	0.351567248
3	0.3406226301
4	0.3301878615
5	0.3193315372
6	0.3092030556
7	0.3001828412
8	0.2908192555
9	0.2819024341
10	0.272598011	011	0.265051312	012	0.257602613	013	0.249766314	014	0.242258915	015	0.235457316	0.2234693193
17	0.21787302
18	0.2119206642
19	0.206514171
20	0.220	0.2086121	0.121	0.2026622	0.122	0.197623	0.1823	0.193024	0.1824	0.188525	0.1725	0.1840151866
26	0.1795718781
27	0.175596609
28	0.1716229	0.129	0.1677209691
30	0.1638297506
31	0.1600450778
32	0.15633	0.15033	0.153542835
34	0.150435	0.1435	0.147236	0.1436	0.144637	0.1337	0.1416012638
38	0.1388884429
39	0.13640	0.13140	0.13341	0.12941	0.13142	0.12742	0.12943	0.12543	0.12744	0.1244	0.124845	0.1245	0.122546	0.1146	0.120247	0.1147	0.1180860109
48	0.1162034386
49	0.1144106675
50	0.1124724502
51	0.1110132234
52	0.1093115426
53	0.1078892459
54	0.1065892644
55	0.104899075
56	0.1034949229
57	0.1019734083
58	0.1008403006
59	0.09962139778
60	0.09844047494
61	0.09714069408
62	0.09600550311
63	0.09521713922
64	0.09395833795
65	0.09279847163
66	0.0915872173
67	0.09077289648
68	0.08978027679
69	0.08898666134
70	0.08818957378
71	0.08710326178
72	0.08628339727
73	0.08550994518
74	0.08456216956
75	0.08379323933
76	0.08295056824
77	0.08220158268
78	0.0816141445
79	0.0808671177
80	0.08019622408
81	0.0796583686
82	0.079039887
83	0.07835659247
84	0.07752806156
85	0.0769632883
86	0.07643866188
87	0.07580620141
88	0.07525022922
89	0.07463352418
90	0.07406383749
91	0.07338169761
92	0.07287224923
93	0.07230147552
94	0.07177179713
95	0.07134790221
96	0.07076812094
97	0.07030198729
98	0.06984248001
99	0.06948655278
100	0.06913126028
101	0.06862579007
102	0.06811073945
103	0.06777960698
104	0.06725563896
105	0.06685832293
106	0.06657471286
107	0.06617016178
108	0.06572992909
109	0.06544558937
110	0.06500303513
111	0.06467362704
112	0.06425037294
113	0.06390775412
114	0.06361354473
115	0.06320982859
116	0.06295894155
117	0.06266104004
118	0.06234173643
119	0.06203326393
120	0.06165150091
121	0.06144444538
122	0.06099882926
123	0.0607696999
124	0.06051110247
125	0.06022682725
126	0.05998901785
127	0.05968968392
128	0.05944320832
129	0.05924944713
130	0.05908200415
131	0.05879918596
132	0.05836346329
133	0.05816827695
134	0.05790688404
135	0.05768295937
136	0.05746629977
137	0.05730671553
138	0.05707671201
139	0.05676278123
140	0.05659106068
141	0.05628729934
142	0.0560760398
143	0.05578819684
144	0.05552210072
145	0.0553183644
146	0.05515137843
147	0.05484758929
148	0.05467379547
149	0.05432795624
150	0.05413693293
151	0.0538458669
152	0.05364459173
153	0.05349330977
154	0.05328110184
155	0.05296731004
156	0.0527033366
157	0.05252891074
158	0.05235547879
159	0.0519377164
160	0.05174214729
161	0.0516222976
162	0.05143577611
163	0.05120004699
164	0.05098102445
165	0.05079915662
166	0.05039403568
167	0.05020136608
168	0.04999828187
169	0.04981929002
170	0.04964882233
171	0.04943505048
172	0.04933579445
173	0.04905089067
174	0.04880573139
175	0.04854650384
176	0.04841599105
177	0.04807927005
178	0.04797989625
179	0.04772771634
180	0.04750293049
181	0.04729350779
182	0.04697570527
183	0.04676066902
184	0.04644538745
185	0.04606842893
186	0.0458751876
187	0.04562352052
188	0.04544019474
189	0.04515736449
190	0.04490562775
191	0.04469252345
192	0.04438926748
193	0.04409471433
194	0.0439235043
195	0.04359612898
196	0.04341801096
197	0.04325360532
198	0.04307903926
199	0.04284297064
200	0.04261000417
201	0.0424825186
202	0.04229457021
203	0.04210364456
204	0.04194670425
205	0.04185089425
206	0.0416032172
207	0.04146054121
208	0.04135924899
209	0.04119586244
210	0.0408978137
211	0.04065596602
212	0.04043782649
213	0.04034902563
214	0.04013792871
215	0.04008469523
216	0.03982089354
217	0.03967325068
218	0.03956565081
219	0.0393645856
220	0.03930910529
221	0.03910439505
222	0.03894239645
223	0.03881126454
224	0.03868300998
225	0.03843430858
226	0.03824279811
227	0.03810860587
228	0.03796390658
229	0.03782802057
230	0.03764967773
231	0.03745299388
232	0.03726924041
233	0.03715016313
234	0.03696442372
235	0.03685695361
236	0.03671368611
237	0.03658316847
238	0.03641370895
239	0.03617299718
240	0.03604350926
241	0.03586881819
242	0.03578420031
243	0.03569185797
244	0.03560183147
245	0.03558132149
246	0.03541541971
247	0.03529959642
248	0.03519785186
249	0.03516954151
250	0.03503168266
251	0.03482458553
252	0.03460527868
253	0.03449245142
254	0.03447333681
255	0.03427590593
256	0.03413294619
257	0.03394678086
258	0.03377441892
259	0.03374748501
260	0.03372270993
261	0.03358857267
262	0.03340270547
263	0.03337837329
264	0.03322390642
265	0.03318071059
266	0.03302149592
267	0.03287785924
268	0.03270514531
269	0.03268527924
270	0.03255321338
271	0.03241018867
272	0.03226328864
273	0.03224591517
274	0.03222682645
275	0.03206432694
276	0.03194057556
277	0.03181987153
278	0.03168460928
279	0.03153625294
280	0.0314225432
281	0.03127241454
282	0.03112165192
283	0.03095211925
284	0.03081115291
285	0.03071219682
286	0.03057992706
287	0.03041700116
288	0.03028972055
289	0.03013217573
290	0.02993926533
291	0.02976860506
292	0.02963438301
293	0.02952661617
294	0.02942136456
295	0.02931149475
296	0.02921470727
297	0.02909592627
298	0.02903301207
299	0.0289039569
300	0.02881148317
301	0.02871255929
302	0.02860007636
303	0.02846082862
304	0.02844181751
305	0.028418421
306	0.02827282903
307	0.02817853708
308	0.02807565106
309	0.02797998692
310	0.02790558121
311	0.02777184194
312	0.02764626222
313	0.02751270757
314	0.02738271018
315	0.02726375323
316	0.02720588026
317	0.02712692341
318	0.02699380008
319	0.02686461914
320	0.02681155323
321	0.02675157872
322	0.02661136146
323	0.02659623384
324	0.02652557142
325	0.02645647173
326	0.02635992612
327	0.02629205052
328	0.02616706251
329	0.02607727901
330	0.02606522823
331	0.02593866606
332	0.02580760924
333	0.02570555064
334	0.02567506865
335	0.02560106624
336	0.02550162235
337	0.02537347912
338	0.02523754482
339	0.02512661399
340	0.02506417655
341	0.02493923086
342	0.024815393
343	0.02475540892
344	0.02469260637
345	0.02462168962
346	0.02450640985
347	0.02439288703
348	0.02429999213
349	0.02421114638
350	0.02411910417
351	0.02405994207
352	0.02392680051
353	0.02380000758
354	0.02370429456
355	0.02358669229
356	0.02346694822
357	0.0233942149
358	0.02329651842
359	0.02324254717
360	0.02317879015
361	0.02314292715
362	0.02305469881
363	0.02298100446
364	0.02287043532
365	0.02277879081
366	0.02268900006
367	0.02255672006
368	0.02244628649
369	0.02235198167
370	0.02226295489
371	0.02221863407
372	0.02212490732
373	0.02203676682
374	0.02193613091
375	0.02188658759
376	0.02181412497
377	0.02177880453
378	0.02175835482
379	0.02169950274
380	0.02160952628
381	0.02152938123
382	0.02144259574
383	0.02139038475
384	0.0212894306
385	0.0211838419
386	0.02111069223
387	0.0210444157
388	0.02097141112
389	0.02089957108
390	0.02083999533
391	0.02079407586
392	0.02070781743
393	0.02066339279
394	0.02061347603
395	0.02053605001
396	0.02046379258
397	0.02040134356
398	0.02034778189
399	0.02027258496
400	0.02023219597
401	0.02017851376
402	0.02011390192
403	0.02001269726
404	0.0199266198
405	0.01986195728
406	0.01978928154
407	0.01972590014
408	0.01964563294
409	0.01960266862
410	0.01954512327
411	0.01943272135
412	0.01935764786
413	0.01931505378
414	0.01924169317
415	0.01917253651
416	0.01907274229
417	0.01902373375
418	0.0189456775
419	0.0188840933
420	0.01881571275
421	0.01873752106
422	0.01870512197
423	0.01864223699
424	0.01854580329
425	0.01850610697
426	0.01842036695
427	0.01833958586
428	0.01827810345
429	0.0182258978
430	0.01819594291
431	0.01815126196
432	0.01809023687
433	0.01802829464
434	0.01798382272
435	0.01790963911
436	0.01781290687
437	0.017784023
438	0.01772958384
439	0.01765048218
440	0.01761105668
441	0.01755274182
442	0.01750142779
443	0.01745718158
444	0.01737174198
445	0.01729337063
446	0.01724121955
447	0.01720781245
448	0.0171669899
449	0.01712571976
450	0.01708719051
451	0.01705274653
452	0.01696498043
453	0.0169088556
454	0.01688110028
455	0.01681474866
456	0.01675270429
457	0.01672037314
458	0.01663420097
459	0.01659534392
460	0.01652889111
461	0.01647715183
462	0.01643808615
463	0.01640227076
464	0.01633800836
465	0.01627017616
466	0.01620693619
467	0.01616079246
468	0.01609976639
469	0.01603945697
470	0.01598132699
471	0.01593227316
472	0.01588342092
473	0.01585816865
474	0.01582332882
475	0.0157984526
476	0.0157318075
477	0.01567761739
478	0.01560809679
479	0.01555581627
480	0.01550034652
481	0.01545263694
482	0.01541195646
483	0.0153679613
484	0.01531726038
485	0.01526616334
486	0.01520369474
487	0.01513775643
488	0.01508861321
489	0.01505165567
490	0.01500799556
491	0.01497199603
492	0.01493272775
493	0.01485342977
494	0.01480990638
495	0.01478580677
496	0.01473793936
497	0.01467590797
498	0.01462685302
499	0.01459990221
500	0.01456967166
501	0.01453449132
502	0.01447899702
503	0.01440617332
504	0.0143724584
505	0.01430424716
506	0.01423833001
507	0.0141955963
508	0.01413995056
509	0.01411421075
510	0.01407560763
511	0.01403053679
512	0.01398344653
513	0.01396694174
514	0.01391415142
515	0.01385886686
516	0.01385230055
517	0.01381116865
518	0.01375839412
519	0.01368379038
520	0.01363060417
521	0.01360799458
522	0.01356281761
523	0.01355873264
524	0.01350652799
525	0.01347052788
526	0.01342302791
527	0.01336751773
528	0.01331491977
529	0.01327500034
530	0.01322168952
531	0.01318045919
532	0.01313586649
533	0.01310133452
534	0.013097663
535	0.01303079728
536	0.01299941455
537	0.01294346279
538	0.0129215115
539	0.012867209
540	0.01281217501
541	0.0127489248
542	0.01270795653
543	0.01266442886
544	0.01262160178
545	0.01259910415
546	0.01257589167
547	0.01253718139
548	0.0125111883
549	0.01246137552
550	0.01242476704
551	0.01237501929
552	0.01232648282
553	0.01229733724
554	0.01227562492
555	0.01224852361
556	0.01221515415
557	0.01216126027
558	0.0121296206
559	0.01208732221
560	0.01204790207
561	0.01200030417
562	0.01196078049
563	0.01190540186
564	0.01187607697
565	0.01184441273
566	0.01181972222
567	0.01178783436
568	0.01174930162
569	0.01171734667
570	0.01168637006
571	0.01164596329
572	0.01163144604
573	0.01159790935
574	0.01156239589
575	0.01151436582
576	0.01147658023
577	0.01145783488
578	0.01142428916
579	0.0113763936
580	0.0113378996
581	0.01129106512
582	0.01124236771
583	0.01121041787
584	0.01116829463
585	0.01112881753
586	0.01108469997
587	0.01107727352
588	0.01103836361
589	0.01099230834
590	0.01097334442
591	0.01095124084
592	0.01091699327
593	0.01089548699
594	0.01086452481
595	0.01081005956
596	0.01078169607
597	0.01074270019
598	0.01071385223
599	0.0106879108
600	0.01065404173
601	0.01061628747
602	0.01057810476
603	0.01053292516
604	0.01050793434
605	0.0104895467
606	0.01046173377
607	0.01044674077
608	0.01041179836
609	0.0103787093
610	0.01034428851
611	0.01030959637
612	0.01027571396
613	0.01025644794
614	0.01021241937
615	0.0101793321
616	0.01014722108
617	0.01012153606
618	0.01009098085
619	0.01006898894
620	0.01003864237
621	0.0100077615
622	0.009970422082
623	0.009967469539
624	0.009935625167
625	0.009901134157
626	0.009884176509
627	0.009871361563
628	0.009844464858
629	0.009818772011
630	0.009782542923
631	0.00977871589
632	0.009752247727
633	0.009726108671
634	0.009696703022
635	0.009655095497
636	0.009625949112
637	0.009622324908
638	0.009598266874
639	0.00955495554
640	0.009535110455
641	0.009506405812
642	0.00946954773
643	0.009438503772
644	0.009419618966
645	0.009379891551
646	0.009355145902
647	0.009325675682
648	0.009296058968
649	0.009289401846
650	0.009263113848
651	0.009225315628
652	0.009180433766
653	0.009150588
654	0.009102785094
655	0.009088318834
656	0.009067139286
657	0.009043458325
658	0.009018128113
659	0.009003189207
660	0.008969263089
661	0.008939965802
662	0.008913162642
663	0.008886282816
664	0.008865519181
665	0.008823234653
666	0.008796205092
667	0.008790312549
668	0.00875813166
669	0.008736458654
670	0.008719365769
671	0.00869504365
672	0.008678251795
673	0.00865689823
674	0.008637751775
675	0.008623598448
676	0.008602994223
677	0.008574687796
678	0.008548799396
679	0.008517025685
680	0.008483947693
681	0.008453679961
682	0.008439720859
683	0.008437799112
684	0.008399776954
685	0.008373011584
686	0.008347525011
687	0.008307140771
688	0.0082968578
689	0.008294970331
690	0.008278184441
691	0.008238680455
692	0.008227284518
693	0.008217290493
694	0.008187782821
695	0.008151025156
696	0.008118153403
697	0.00809310193
698	0.008054039369
699	0.008030944348
700	0.008018812644
701	0.007990114189
702	0.007973414709
703	0.00794410269
704	0.007919026176
705	0.007890171671
706	0.007872536076
707	0.007865402067
708	0.007840414913
709	0.007811966602
710	0.007800695613
711	0.007777735918
712	0.007758973871
713	0.007741508099
714	0.007722233319
715	0.007701108608
716	0.007680802308
717	0.007654377172
718	0.007638281194
719	0.007614433748
720	0.007586246946
721	0.007568992764
722	0.00755578349
723	0.00752814775
724	0.007503632937
725	0.007487849821
726	0.007486188487
727	0.007464164944
728	0.007442973077
729	0.00743201785
730	0.007416702484
731	0.007390334137
732	0.007367984143
733	0.007338006559
734	0.007308381977
735	0.007287965501
736	0.007285972375
737	0.007273188469
738	0.007252615153
739	0.007228790239
740	0.007206989851
741	0.007184647039
742	0.007163944898
743	0.007136159445
744	0.007119581911
745	0.007107904767
746	0.007084224007
747	0.007066029356
748	0.007049603387
749	0.007029458502
750	0.007015571205
751	0.006999453409
752	0.006981697041
753	0.006955994811
754	0.006947739525
755	0.006926347675
756	0.006916749035
757	0.006905234188
758	0.006884188923
759	0.006856833436
760	0.006848867212
761	0.006847150909
762	0.006806665083
763	0.006805612662
764	0.006796985138
765	0.006782522715
766	0.006752413743
767	0.006735797061
768	0.006734288506
769	0.006733001759
770	0.006718971899
771	0.006697515662
772	0.006676659185
773	0.006670485984
774	0.006646257919
775	0.006613585069
776	0.006590584017
777	0.00657087396
778	0.006552941843
779	0.00652630239
780	0.006511394773
781	0.00649431017
782	0.006483498329
783	0.006471405587
784	0.006451204384
785	0.006426933101
786	0.00641378806
787	0.006403668174
788	0.006380121167
789	0.006358619585
790	0.00634971641
791	0.006327566658
792	0.006314708805
793	0.006307937348
794	0.006297134694
795	0.00628048762
796	0.006275079
797	0.00624827133
798	0.006212416501
799	0.006198214586
800	0.006173784225
801	0.006167767111
802	0.006150766326
803	0.006130971282
804	0.006113515098
805	0.006088202649
806	0.006060574193
807	0.006059729108
808	0.006040305993
809	0.006008722538
810	0.006007573314
811	0.005983901655
812	0.005977938574
813	0.005960114934
814	0.00594071414
815	0.005924961289
816	0.005913212611
817	0.005895943804
818	0.005880557337
819	0.005866616416
820	0.005848944315
821	0.005841687002
822	0.005820404056
823	0.005804781143
824	0.005781641769
825	0.005764138223
826	0.005745444657
827	0.005723540283
828	0.005709832694
829	0.00569958986
830	0.005682808771
831	0.005676488753
832	0.005655681868
833	0.005635062087
834	0.005621229922
835	0.005620524309
836	0.005613498804
837	0.005595598155
838	0.005594739845
839	0.005579976981
840	0.005564135915
841	0.005543545905
842	0.005527056019
843	0.005507919318
844	0.005496625594
845	0.005479972564
846	0.005460538006
847	0.005440878609
848	0.005418211604
849	0.005404262651
850	0.005394538264
851	0.005378616868
852	0.005366847041
853	0.005342757533
854	0.005322088278
855	0.005305791539
856	0.005289182823
857	0.005278055485
858	0.005266292108
859	0.005253050621
860	0.005244605683
861	0.005229169505
862	0.005217844783
863	0.005195357967
864	0.005177010638
865	0.005164202365
866	0.005142433037
867	0.005122610915
868	0.005107636585
869	0.00509440968
870	0.005084575019
871	0.005072854223
872	0.005072156533
873	0.005067264003
874	0.005054526232
875	0.005039977643
876	0.005021333239
877	0.005003688795
878	0.005002893503
879	0.004987802137
880	0.004965339831
881	0.004964631517
882	0.004953844709
883	0.004937348894
884	0.004922671933
885	0.004907225464
886	0.004903217293
887	0.004892340584
888	0.00489170689
889	0.004875229799
890	0.004864641017
891	0.004857340264
892	0.004833915594
893	0.004828541187
894	0.004815593705
895	0.004803858593
896	0.004794137632
897	0.004780741908
898	0.004764199692
899	0.004751489096
900	0.004736446661
901	0.004722935209
902	0.004714623478
903	0.004696600039
904	0.004684322712
905	0.004674292795
906	0.004656410153
907	0.004636240448
908	0.004630636161
909	0.004616983491
910	0.004616439524
911	0.004601565206
912	0.0045848509
913	0.004572247208
914	0.00457136634
915	0.004559259995
916	0.004539516274
917	0.004528465943
918	0.004507584571
919	0.004496175047
920	0.004485141323
921	0.004471847202
922	0.004460134417
923	0.004453131117
924	0.004445367315
925	0.004437321088
926	0.004423070957
927	0.004409272673
928	0.004408487027
929	0.00440798243
930	0.004397380411
931	0.004383664406
932	0.004371327948
933	0.004356295736
934	0.004342337037
935	0.004332661527
936	0.004322594423
937	0.004313048567
938	0.004312341039
939	0.0042923173
940	0.004273558206
941	0.004269737706
942	0.004256513931
943	0.004244106266
944	0.004238771077
945	0.004238091725
946	0.004237271703
947	0.00422806836
948	0.00422330847
949	0.004215746723
950	0.004201558308
951	0.004200986566
952	0.004200486529
953	0.004200109662
954	0.0041994289
955	0.004188777193
956	0.004182286563
957	0.004175672068
958	0.00416074074
959	0.004146304955
960	0.004137920835
961	0.004131910067
962	0.00412724625
963	0.004111405794
964	0.004097047756
965	0.004081981385
966	0.004072990938
967	0.004056783818
968	0.004045298348
969	0.004042677314
970	0.004036438401
971	0.00402483851
972	0.004015243774
973	0.004003576331
974	0.003995591571
975	0.003987433755
976	0.003983895014
977	0.003983250683
978	0.00397209265
979	0.003961273154
980	0.003954238582
981	0.003938142478
982	0.003927311623
983	0.003918017241
984	0.003907286032
985	0.003897465245
986	0.003891694312
987	0.003880281425
988	0.003875300252
989	0.003862482432
990	0.00385857494
991	0.003850879446
992	0.003839812759
993	0.003835436411
994	0.003819746969
995	0.003804180857
996	0.00379007432
997	0.003784039989
998	0.003767779007
999	0.0037524925
1000	0.003736815782
1001	0.00372635582
1002	0.003708778506
1003	0.00370495126
1004	0.003690911529
1005	0.003690485246
1006	0.003675201151
1007	0.003671717501
1008	0.003660558486
1009	0.00364841503
1010	0.003638500643
1011	0.003638170654
1012	0.003637726478
1013	0.003634620543
1014	0.003623488884
1015	0.003616487033
1016	0.003612005698
1017	0.003600879634
1018	0.00358912685
1019	0.003577413364
1020	0.003567565359
1021	0.003564057068
1022	0.003554658514
1023	0.003545312934
1024	0.00354485242
1025	0.003531770528
1026	0.003524567181
1027	0.003516789008
1028	0.003507704891
1029	0.003499133303
1030	0.00349439513
1031	0.003486768657
1032	0.003478594687
1033	0.003471656877
1034	0.003471049177
1035	0.003467705154
1036	0.003457403529
1037	0.00344946412
1038	0.003437601145
1039	0.003431974214
1040	0.003431471867
1041	0.003419080689
1042	0.003418565787
1043	0.003408193936
1044	0.003407882635
1045	0.003407526332
1046	0.003406789232
1047	0.003392340179
1048	0.003387257521
1049	0.003376121517
1050	0.003367485841
1051	0.00335812018
1052	0.003348053017
1053	0.003342239217
1054	0.003337915533
1055	0.003332661585
1056	0.003327004942
1057	0.003315708043
1058	0.003309736027
1059	0.003303317956
1060	0.003290250809
1061	0.00328191347
1062	0.003281534623
1063	0.00327958868
1064	0.003272495965
1065	0.003262285788
1066	0.003258448659
1067	0.003248900638
1068	0.003237812897
1069	0.003226076799
1070	0.003219336982
1071	0.003209333739
1072	0.003209063206
1073	0.003200692275
1074	0.003194692877
1075	0.003188995336
1076	0.003181444028
1077	0.003172405824
1078	0.003165325211
1079	0.003154558315
1080	0.003154370559
1081	0.003151690013
1082	0.003142700025
1083	0.003140624111
1084	0.003136299255
1085	0.003126734936
1086	0.003119507839
1087	0.003117502956
1088	0.00311508597
1089	0.003114535996
1090	0.003109395992
1091	0.003094700014
1092	0.003088837021
1093	0.003076903765
1094	0.003070818403
1095	0.003064590538
1096	0.003053242136
1097	0.003052809807
1098	0.003047517628
1099	0.003047011112
1100	0.003034245053
1101	0.003026922348
1102	0.00302666978
1103	0.003021548914
1104	0.003016097475
1105	0.003008044893
1106	0.003001439459
1107	0.003000432381
1108	0.002996408528
1109	0.002985866
1110	0.002983760855
1111	0.002977414064
1112	0.002968164646
1113	0.002958846746
1114	0.002958556219
1115	0.002949416877
1116	0.002944436431
1117	0.002934211724
1118	0.002926532109
1119	0.002924046999
1120	0.00291703158
1121	0.002912818264
1122	0.002906163821
1123	0.00290355495
1124	0.002892266196
1125	0.002889418732
1126	0.002881930122
1127	0.00288162856
1128	0.0028766025
1129	0.002868635187
1130	0.002858813644
1131	0.002856685251
1132	0.002851262599
1133	0.00285089051
1134	0.002846249645
1135	0.002840457415
1136	0.002834710585
1137	0.002829401096
1138	0.002828243199
1139	0.002819591883
1140	0.002819127605
1141	0.002812315815
1142	0.002809434256
1143	0.002799870511
1144	0.00279359908
1145	0.002786895253
1146	0.002784011077
1147	0.00278096843
1148	0.002768008215
1149	0.002759188553
1150	0.00275091573
1151	0.002748515452
1152	0.002738815579
1153	0.002734151092
1154	0.002732058409
1155	0.002729207148
1156	0.002723609677
1157	0.002713550899
1158	0.002712631355
1159	0.002712395393
1160	0.002703791135
1161	0.002697969902
1162	0.002693280251
1163	0.002684265294
1164	0.002672624685
1165	0.002667868794
1166	0.002662065903
1167	0.002657859844
1168	0.002651758078
1169	0.002641980131
1170	0.002635315202
1171	0.002628080224
1172	0.002621293655
1173	0.002618754151
1174	0.002615334233
1175	0.002611363387
1176	0.002608989271
1177	0.002598885595
1178	0.002597238934
1179	0.002597113848
1180	0.00259281433
1181	0.002590339389
1182	0.002588467472
1183	0.002581317206
1184	0.002576703774
1185	0.002570000262
1186	0.002569730766
1187	0.002565481008
1188	0.002558122894
1189	0.002553646511
1190	0.002552044825
1191	0.002547242272
1192	0.002542032284
1193	0.002536542537
1194	0.002528647015
1195	0.00252644634
1196	0.002522285291
1197	0.002517207951
1198	0.00251651994
1199	0.002509242229
1200	0.00250546186
1201	0.002495492669
1202	0.00248737048
1203	0.002480851857
1204	0.002472874995
1205	0.002467141092
1206	0.002466734118
1207	0.002459681241
1208	0.002452669043
1209	0.002445970901
1210	0.002437152455
1211	0.002431529401
1212	0.002427530545
1213	0.002425149372
1214	0.002421078113
1215	0.002412472807
1216	0.002410439472
1217	0.002410238361
1218	0.002405955057
1219	0.002397905598
1220	0.002387825134
1221	0.002385432047
1222	0.002380316661
1223	0.002374326434
1224	0.002369015847
1225	0.002361914249
1226	0.002354012602
1227	0.002351595152
1228	0.002345022803
1229	0.002336129022
1230	0.002326464928
1231	0.002320908572
1232	0.00231168785
1233	0.002308830224
1234	0.002305713044
1235	0.002297864345
1236	0.002291221112
1237	0.002284651806
1238	0.002276075012
1239	0.002270534105
1240	0.00226640307
1241	0.002263102464
1242	0.002258854816
1243	0.002258678718
1244	0.00225828648
1245	0.00225495155
1246	0.002252587956
1247	0.002252451306
1248	0.00224604958
1249	0.002243084824
1250	0.002233607927
1251	0.002227792975
1252	0.002221252673
1253	0.002215728924
1254	0.002210198769
1255	0.002206404539
1256	0.002199525567
1257	0.002190653811
1258	0.002185480828
1259	0.002183133494
1260	0.002180809117
1261	0.002178313998
1262	0.002174451912
1263	0.002171750903
1264	0.002166539355
1265	0.002160281899
1266	0.002155906369
1267	0.002150543991
1268	0.002146338097
1269	0.002146162809
1270	0.002138396722
1271	0.0021327382
1272	0.002124968393
1273	0.002119530958
1274	0.002116984697
1275	0.002111871121
1276	0.00210292718
1277	0.002101248649
1278	0.002097199938
1279	0.002091227137
1280	0.002087063351
1281	0.002081815479
1282	0.002080188414
1283	0.002072892537
1284	0.002071901146
1285	0.002065759016
1286	0.002057353447
1287	0.002052449669
1288	0.002049306494
1289	0.002044299617
1290	0.002044146968
1291	0.002036142694
1292	0.002031473412
1293	0.002029430043
1294	0.002024821652
1295	0.002024244109
1296	0.002022123533
1297	0.002018183549
1298	0.002010133513
1299	0.002008104462
1300	0.002004099272
1301	0.001999033668
1302	0.001998754697
1303	0.001995879006
1304	0.001992182205
1305	0.001986414433
1306	0.001985992312
1307	0.001982434351
1308	0.001979959164
1309	0.001974021399
1310	0.001972589688
1311	0.001968824811
1312	0.001962918776
1313	0.001957354411
1314	0.001955428561
1315	0.001948963285
1316	0.001945131647
1317	0.00193792392
1318	0.001937433155
1319	0.001930618064
1320	0.001923543802
1321	0.001919954147
1322	0.001915551849
1323	0.001911574743
1324	0.001906962051
1325	0.001900713042
1326	0.001895109063
1327	0.001890532762
1328	0.00188869395
1329	0.001882061605
1330	0.001879848412
1331	0.001873937719
1332	0.00187175749
1333	0.001870000746
1334	0.00186323023
1335	0.001857859126
1336	0.001856432398
1337	0.001856288143
1338	0.001851605554
1339	0.001845326863
1340	0.001839918249
1341	0.001834728659
1342	0.00182842441
1343	0.001821454787
1344	0.001819358199
1345	0.001814721546
1346	0.001809153601
1347	0.001805974771
1348	0.001801458971
1349	0.001797826357
1350	0.001793487228
1351	0.001789894193
1352	0.001782983919
1353	0.001779554372
1354	0.001773593456
1355	0.001773471383
1356	0.001766963791
1357	0.001765554707
1358	0.001762202795
1359	0.001760566827
1360	0.001757204299
1361	0.001750921147
1362	0.001748513612
1363	0.001743652571
1364	0.001737870649
1365	0.001732999861
1366	0.001729821852
1367	0.001727258235
1368	0.001723432735
1369	0.001718569297
1370	0.001713962304
1371	0.001711659962
1372	0.001707414126
1373	0.001705640639
1374	0.001703613914
1375	0.001699967575
1376	0.001698539181
1377	0.001692293331
1378	0.001686399241
1379	0.001683061789
1380	0.001677311741
1381	0.001674956713
1382	0.00167207472
1383	0.001668797989
1384	0.001666126859
1385	0.001660834242
1386	0.001657305913
1387	0.001653293455
1388	0.001647416623
1389	0.001642904013
1390	0.001642357855
1391	0.001639914669
1392	0.001638811415
1393	0.001634656578
1394	0.001633219121
1395	0.001629547061
1396	0.001624215102
1397	0.001622319578
1398	0.001618120924
1399	0.001614797862
1400	0.001611036915
1401	0.001605597215
1402	0.001601351364
1403	0.001598802803
1404	0.00159436408
1405	0.001589565641
1406	0.001586181406
1407	0.001583110574
1408	0.001579370521
1409	0.001576285478
1410	0.001572710532
1411	0.001568975556
1412	0.00156778789
1413	0.001564458653
1414	0.001560615028
1415	0.001556852774
1416	0.001553097734
1417	0.00155256764
1418	0.001550257264
1419	0.00155014013
1420	0.001546680371
1421	0.001541550972
1422	0.001538188181
1423	0.001535594248
1424	0.001532186632
1425	0.001528668094
1426	0.001525494219
1427	0.001518582435
1428	0.001513588549
1429	0.001512316273
1430	0.001511843689
1431	0.001507059654
1432	0.00150566143
1433	0.001501455144
1434	0.001496263652
1435	0.001492726232
1436	0.001489255971
1437	0.001485730056
1438	0.001485004856
1439	0.001481436828
1440	0.001477130293
1441	0.001472886423
1442	0.001469021522
1443	0.001464328028
1444	0.001461998915
1445	0.001457525296
1446	0.001456619371
1447	0.001451223486
1448	0.001444246288
1449	0.001440195317
1450	0.001435373054
1451	0.001431374944
1452	0.00142687921
1453	0.001423599992
1454	0.001419323208
1455	0.001415318672
1456	0.001411469829
1457	0.00140808598
1458	0.001403916592
1459	0.001400037948
1460	0.001395232834
1461	0.001390754965
1462	0.001388119464
1463	0.001385431962
1464	0.001382773918
1465	0.001379109797
1466	0.001377817945
1467	0.001375230615
1468	0.001372723562
1469	0.001371239484
1470	0.001369447129
1471	0.001364945846
1472	0.001361679311
1473	0.001356409139
1474	0.001354153636
1475	0.001350084363
1476	0.001347421213
1477	0.001343952476
1478	0.001342849945
1479	0.001338519134
1480	0.001335035429
1481	0.001332721373
1482	0.001329638605
1483	0.001328366951
1484	0.001326343583
1485	0.001322360938
1486	0.001319657393
1487	0.0013187869
1488	0.001314078722
1489	0.001310949002
1490	0.001309030228
1491	0.001303866405
1492	0.00130066253
1493	0.001296980307
1494	0.001293240721
1495	0.001289551588
1496	0.001286492287
1497	0.001282993159
1498	0.001279702292
1499	0.001277587212
1500	0.001274387008
1501	0.001271679201
1502	0.001269374566
1503	0.001268111356
1504	0.001266750983
1505	0.001262455214
1506	0.001258516658
1507	0.001257084192
1508	0.001255762372
1509	0.00125339383
1510	0.00125304859
1511	0.001250023027
1512	0.001247958437
1513	0.001242909654
1514	0.001240929728
1515	0.00123914839
1516	0.001235446255
1517	0.001234922058
1518	0.001231887052
1519	0.001230109961
1520	0.001226133603
1521	0.001224308179
1522	0.001222031984
1523	0.00121899509
1524	0.001216427492
1525	0.001214327527
1526	0.001212640653
1527	0.00121051796
1528	0.001208372858
1529	0.001204552416
1530	0.001202696515
1531	0.001200782312
1532	0.001197619152
1533	0.001196700007
1534	0.001196607976
1535	0.001192683206
1536	0.001190179978
1537	0.001188995782
1538	0.00118686511
1539	0.001185803453
1540	0.001185089422
1541	0.001181684336
1542	0.00118038773
1543	0.001179044003
1544	0.001175265666
1545	0.001172905054
1546	0.001171324559
1547	0.001169387388
1548	0.00116595227
1549	0.001163471607
1550	0.001163216246
1551	0.001160332835
1552	0.001156217649
1553	0.001153523476
1554	0.001153427242
1555	0.001151894507
1556	0.001148193757
1557	0.001147123228
1558	0.00114370867
1559	0.001142176031
1560	0.001140865839
1561	0.001139018701
1562	0.001135337695
1563	0.001134363891
1564	0.001134061084
1565	0.001130844277
1566	0.001129461881
1567	0.001124921039
1568	0.001121517993
1569	0.001118172065
1570	0.001115184626
1571	0.00111265314
1572	0.001108914183
1573	0.001105424743
1574	0.00110291313
1575	0.001101260449
1576	0.001101141498
1577	0.001099379443
1578	0.001098808632
1579	0.001097296642
1580	0.001094445284
1581	0.001092869393
1582	0.001092519316
1583	0.001089848838
1584	0.001087552982
1585	0.001084150239
1586	0.001080588873
1587	0.001078237001
1588	0.001077001447
1589	0.001076719309
1590	0.00107480813
1591	0.001070832063
1592	0.001067315126
1593	0.001065551755
1594	0.001063718983
1595	0.001061053635
1596	0.001058583057
1597	0.001058481609
1598	0.001056110588
1599	0.00105409691
1600	0.001053220955
1601	0.001052052586
1602	0.001049729031
1603	0.001047857465
1604	0.00104431127
1605	0.001041877793
1606	0.001038692498
1607	0.001037352204
1608	0.001037094015
1609	0.00103493747
1610	0.0010330437
1611	0.001030304691
1612	0.001029187368
1613	0.001027721104
1614	0.001024462154
1615	0.001024300984
1616	0.001022099163
1617	0.001018615396
1618	0.001017643508
1619	0.001017456789
1620	0.001014837583
1621	0.001013805318
1622	0.001011487565
1623	0.001007590089
1624	0.001007369815
1625	0.001005098723
1626	0.001001807759
1627	0.001000423189
1628	0.00099941426
1629	0.0009992194968
1630	0.000997169988
1631	0.0009949911178
1632	0.0009921134635
1633	0.0009892346681
1634	0.0009862264169
1635	0.0009832970739
1636	0.0009822179087
1637	0.0009804424591
1638	0.0009788383083
1639	0.000976400306
1640	0.0009739939225
1641	0.0009710850164
1642	0.0009687197394
1643	0.000967188384
1644	0.0009647581226
1645	0.0009646675581
1646	0.000964573364
1647	0.0009624878948
1648	0.0009595139437
1649	0.0009586234481
1650	0.0009585323117
1651	0.0009555976203
1652	0.0009543905217
1653	0.0009526717097
1654	0.0009526232362
1655	0.0009502714568
1656	0.0009485887188
1657	0.0009460820547
1658	0.0009442968452
1659	0.0009431485908
1660	0.0009401823066
1661	0.0009382505641
1662	0.0009357611494
1663	0.0009338122997
1664	0.0009325605236
1665	0.00093092343
1666	0.0009282712679
1667	0.0009264120511
1668	0.0009240818563
1669	0.0009240163202
1670	0.0009218967611
1671	0.0009196645403
1672	0.0009182978392
1673	0.0009167901464
1674	0.0009136382152
1675	0.0009115750926
1676	0.0009092233142
1677	0.0009091455299
1678	0.0009069446771
1679	0.0009051458888
1680	0.0009042265004
1681	0.0009030444209
1682	0.0009009268707
1683	0.0008985600468
1684	0.0008958889734
1685	0.0008936456827
1686	0.0008924026448
1687	0.0008907574837
1688	0.0008907079873
1689	0.000887500433
1690	0.0008853558992
1691	0.0008851819564
1692	0.0008823422302
1693	0.0008792038826
1694	0.0008774476643
1695	0.0008767542406
1696	0.0008752278268
1697	0.0008744789092
1698	0.000874397809
1699	0.0008733864589
1700	0.0008711572308
1701	0.0008672721552
1702	0.0008672005641
1703	0.0008643205465
1704	0.0008632736077
1705	0.0008632168773
1706	0.000861973337
1707	0.0008609193776
1708	0.0008589338965
1709	0.0008574832654
1710	0.0008554248847
1711	0.0008530594263
1712	0.0008518643671
1713	0.0008517022464
1714	0.0008507377337
1715	0.000848637864
1716	0.000846412119
1717	0.0008434723927
1718	0.0008433164378
1719	0.0008418735858
1720	0.0008409587058
1721	0.0008387450263
1722	0.0008366018407
1723	0.0008350420906
1724	0.0008333601683
1725	0.0008320739542
1726	0.0008305380011
1727	0.0008280238876
1728	0.000827208876
1729	0.0008243973393
1730	0.0008220574527
1731	0.0008204222436
1732	0.0008203660858
1733	0.0008171013453
1734	0.0008149746759
1735	0.0008140667417
1736	0.0008115985483
1737	0.0008086363948
1738	0.0008054414593
1739	0.0008035583517
1740	0.0008019612716
1741	0.0008004111206
1742	0.0007985995116
1743	0.0007964564707
1744	0.0007953461539
1745	0.0007930050956
1746	0.0007914234065
1747	0.0007897277227
1748	0.00078720293
1749	0.0007870710228
1750	0.000784974954
1751	0.0007820262976
1752	0.0007813280207
1753	0.000780348994
1754	0.0007788997929
1755	0.0007763921557
1756	0.0007749139813
1757	0.0007723228065
1758	0.0007717897628
1759	0.0007709690436
1760	0.0007692690519
1761	0.0007665489386
1762	0.0007664552042
1763	0.0007664035099
1764	0.0007657802863
1765	0.0007657321181
1766	0.0007653989715
1767	0.0007632538863
1768	0.0007621749691
1769	0.0007608389491
1770	0.0007607872545
1771	0.000759716793
1772	0.0007583050394
1773	0.0007561576077
1774	0.0007547000244
1775	0.0007528121802
1776	0.0007509850641
1777	0.0007507624242
1778	0.0007495584232
1779	0.0007484004958
1780	0.0007474422499
1781	0.000746651208
1782	0.0007447172712
1783	0.0007433778915
1784	0.0007408499997
1785	0.0007390263464
1786	0.0007379240237
1787	0.0007349324715
1788	0.0007334489921
1789	0.0007321918381
1790	0.0007315199357
1791	0.000731432439
1792	0.0007302921846
1793	0.0007288395398
1794	0.0007286513961
1795	0.0007285773002
1796	0.0007266892033
1797	0.0007247602743
1798	0.0007236762418
1799	0.0007228100832
1800	0.0007203980632
1801	0.000718781255
1802	0.0007168048558
1803	0.0007159145496
1804	0.0007149840509
1805	0.000712228701
1806	0.0007111463974
1807	0.0007091605295
1808	0.0007063503363
1809	0.0007039610698
1810	0.0007027545273
1811	0.0007013117713
1812	0.0006988999845
1813	0.0006970600316
1814	0.0006946939814
1815	0.0006926266171
1816	0.0006919805904
1817	0.0006901413817
1818	0.0006879412737
1819	0.0006874397842
1820	0.0006867081416
1821	0.0006857191893
1822	0.0006851191218
1823	0.000683522918
1824	0.0006821384184
1825	0.0006809643699
1826	0.0006790787545
1827	0.0006765035399
1828	0.0006763010962
1829	0.000675733362
1830	0.0006747376316
1831	0.0006738587861
1832	0.0006720133064
1833	0.0006709005351
1834	0.00066936723
1835	0.0006693065811
1836	0.000667546677
1837	0.0006672190756
1838	0.0006652423232
1839	0.0006642089439
1840	0.0006625416999
1841	0.0006617232183
1842	0.0006607347187
1843	0.0006601228995
1844	0.0006598840878
1845	0.0006580014702
1846	0.0006563718038
1847	0.0006551378964
1848	0.0006540290699
1849	0.0006514424326
1850	0.0006508308975
1851	0.0006497306676
1852	0.0006482644726
1853	0.0006470711847
1854	0.0006453436832
1855	0.0006452983862
1856	0.0006452342869
1857	0.0006435086807
1858	0.0006415019377
1859	0.0006399228696
1860	0.0006385508346
1861	0.0006365804336
1862	0.000635140933
1863	0.0006338385422
1864	0.0006315514762
1865	0.0006307502937
1866	0.0006305220252
1867	0.0006302758351
1868	0.0006288164471
1869	0.00062699015
1870	0.0006245809402
1871	0.0006238777477
1872	0.000622564717
1873	0.0006208596386
1874	0.0006196749276
1875	0.0006176508211
1876	0.0006155715234
1877	0.0006144592442
1878	0.0006142758284
1879	0.0006128766
1880	0.0006121076201
1881	0.0006109206145
1882	0.0006103648684
1883	0.0006090685304
1884	0.0006075830283
1885	0.0006058817352
1886	0.0006043624683
1887	0.0006028020528
1888	0.0006015806576
1889	0.0006003427554
1890	0.0006001065654
1891	0.0005995977442
1892	0.0005987910747
1893	0.0005965484322
1894	0.0005963591422
1895	0.0005950999975
1896	0.0005943088612
1897	0.0005928688831
1898	0.0005922770426
1899	0.0005918881054
1900	0.0005907311591
1901	0.0005891390942
1902	0.0005878011877
1903	0.0005865665353
1904	0.0005852869186
1905	0.0005842055444
1906	0.0005827424701
1907	0.0005814238364
1908	0.0005803342495
1909	0.0005797420713
1910	0.0005786211927
1911	0.0005779447862
1912	0.0005755810061
1913	0.0005747976202
1914	0.0005741526702
1915	0.0005720961741
1916	0.0005708825872
1917	0.0005693679541
1918	0.0005689099774
1919	0.0005678495126
1920	0.0005662758159
1921	0.0005652185779
1922	0.000563967553
1923	0.0005622623159
1924	0.0005611422739
1925	0.0005599098912
1926	0.0005588313414
1927	0.0005567669414
1928	0.0005546765399
1929	0.0005526534369
1930	0.0005511464046
1931	0.0005503002156
1932	0.0005491445097
1933	0.000547764306
1934	0.0005465022338
1935	0.0005457370158
1936	0.0005452642112
1937	0.0005432978645
1938	0.0005426102683
1939	0.0005416436555
1940	0.0005406768647
1941	0.0005387012793
1942	0.0005375594992
1943	0.0005359733215
1944	0.0005359360032
1945	0.0005345917485
1946	0.0005338698158
1947	0.000533208254
1948	0.0005321354437
1949	0.0005304359082
1950	0.0005291491998
1951	0.0005282128232
1952	0.0005275789643
1953	0.0005269087912
1954	0.0005264370545
1955	0.0005249304692
1956	0.0005235638904
1957	0.0005228666405
1958	0.0005214547774
1959	0.0005205836018
1960	0.0005194585207
1961	0.0005190715944
1962	0.0005178618905
1963	0.0005174300868
1964	0.0005158381671
1965	0.00051379682
1966	0.0005130814655
1967	0.0005120024863
1968	0.0005110387493
1969	0.0005096381932
1970	0.0005082903959
1971	0.0005073172717
1972	0.0005070858729
1973	0.0005065408908
1974	0.0005054180798
1975	0.000504432044
1976	0.0005029284035
1977	0.0005015308341
1978	0.0005001001404
1979	0.0004986610807
1980	0.0004975108289
1981	0.0004970315241
1982	0.000495638809
1983	0.0004940075006
1984	0.0004923178476
1985	0.0004913416878
1986	0.0004907814856
1987	0.0004898429912
1988	0.0004894261073
1989	0.0004880502276
1990	0.0004864335147
1991	0.0004854487962
1992	0.0004836355587
1993	0.0004830045773
1994	0.0004815768142
1995	0.0004808083733
1996	0.000479878636
1997	0.0004792263167
1998	0.0004772682556
1999	0.0004772390239
