iter	Passed	Remaining
0	240	480161
1	281	281412
2	346	230530
3	413	206275
4	482	192362
5	506	168334
6	531	151189
7	557	138885
8	579	128157
9	597	118991
10	619	112008
11	638	105811
12	658	100581113	675	95864114	696	92138115	718	8915416	726	84754
17	752	82821
18	772	80513
19	795	78761
220	832	78448221	856	76982222	882	75842223	903	74377224	923	72920225	962	73061
26	996	72816
27	1024	72172
28	1050	71412929	1081	70993
30	1107	70347
31	1141	70213
32	1163	69323333	1219	70507
34	1250	70193535	1272	69433636	1326	70353737	1387	71661
38	1410	70922
39	1430	70104040	1458	69694141	1500	69954242	1535	69884343	1570	69804444	1597	69424545	1630	69264646	1657	68884747	1706	69413
48	1742	69380
49	1779	69387
50	1810	69177
51	1846	69171
52	1875	68886
53	1903	68595
54	1933	68384
55	1958	67974
56	1975	67326
57	1995	66801
58	2010	66130
59	2025	65495
60	2040	64852
61	2052	64147
62	2066	63551
63	2070	62639
64	2087	62147
65	2108	61771
66	2120	61182
67	2134	60638
68	2147	60110
69	2160	59581
70	2176	59141
71	2194	58770
72	2210	58362
73	2223	57876
74	2238	57454
75	2256	57135
76	2271	56733
77	2286	56349
78	2303	56015
79	2317	55623
80	2332	55250
81	2348	54922
82	2364	54611
83	2380	54294
84	2395	53979
85	2412	53684
86	2427	53366
87	2439	52992
88	2453	52674
89	2467	52372
90	2483	52094
91	2498	51813
92	2513	51543
93	2529	51298
94	2546	51058
95	2562	50831
96	2580	50621
97	2596	50396
98	2610	50121
99	2624	49861
100	2638	49602
101	2655	49422
102	2673	49237
103	2686	48977
104	2701	48756
105	2720	48601
106	2738	48440
107	2753	48244
108	2769	48048
109	2784	47839
110	2798	47625
111	2815	47465
112	2831	47289
113	2845	47077
114	2860	46888
115	2875	46704
116	2891	46530
117	2908	46395
118	2922	46187
119	2936	46011
120	2952	45853
121	2969	45708
122	2988	45600
123	3005	45464
124	3020	45308
125	3037	45170
126	3053	45031
127	3072	44933
128	3090	44826
129	3109	44726
130	3124	44576
131	3142	44464
132	3161	44374
133	3177	44242
134	3194	44135
135	3209	43994
136	3222	43827
137	3239	43713
138	3255	43585
139	3270	43456
140	3288	43356
141	3303	43218
142	3317	43083
143	3335	42986
144	3351	42880
145	3369	42789
146	3385	42672
147	3400	42546
148	3416	42447
149	3436	42387
150	3456	42328
151	3475	42251
152	3493	42172
153	3513	42119
154	3532	42053
155	3553	42005
156	3574	41959
157	3596	41929
158	3614	41846
159	3634	41798
160	3657	41771
161	3674	41687
162	3692	41614
163	3711	41553
164	3730	41488
165	3747	41403
166	3769	41371
167	3787	41302
168	3809	41275
169	3826	41195
170	3845	41127
171	3864	41075
172	3888	41064
173	3905	40988
174	3924	40924
175	3944	40883
176	3964	40827
177	3982	40765
178	3999	40684
179	4016	40615
180	4034	40548
181	4051	40471
182	4070	40419
183	4089	40358
184	4109	40313
185	4130	40283
186	4151	40248
187	4172	40217
188	4193	40179
189	4214	40146
190	4232	40083
191	4255	40071
192	4277	40047
193	4295	39988
194	4313	39925
195	4332	39880
196	4349	39811
197	4367	39751
198	4386	39702
199	4407	39663
200	4425	39610
201	4445	39570
202	4464	39524
203	4480	39447
204	4499	39395
205	4519	39357
206	4538	39315
207	4559	39282
208	4577	39223
209	4596	39176
210	4613	39116
211	4631	39062
212	4651	39026
213	4667	38957
214	4692	38955
215	4710	38908
216	4731	38880
217	4749	38826
218	4766	38764
219	4786	38730
220	4804	38676
221	4827	38666
222	4848	38635
223	4864	38571
224	4880	38502
225	4898	38451
226	4918	38417
227	4936	38366
228	4953	38309
229	4971	38261
230	4990	38219
231	5008	38168
232	5026	38119
233	5043	38065
234	5059	38003
235	5080	37977
236	5100	37941
237	5124	37935
238	5141	37881
239	5156	37811
240	5176	37785
241	5195	37741
242	5215	37708
243	5233	37662
244	5249	37605
245	5268	37567
246	5286	37518
247	5303	37466
248	5321	37424
249	5340	37386
250	5359	37348
251	5380	37323
252	5400	37290
253	5416	37235
254	5433	37184
255	5456	37173
256	5472	37118
257	5491	37079
258	5508	37029
259	5527	36994
260	5546	36954
261	5565	36919
262	5582	36871
263	5597	36809
264	5617	36778
265	5636	36744
266	5656	36713
267	5673	36665
268	5688	36606
269	5707	36568
270	5724	36523
271	5743	36488
272	5761	36444
273	5779	36407
274	5799	36376
275	5815	36326
276	5836	36305
277	5855	36270
278	5874	36238
279	5892	36196
280	5912	36168
281	5932	36139
282	5949	36097
283	5968	36065
284	5988	36034
285	6009	36017
286	6026	35969
287	6045	35937
288	6065	35910
289	6081	35859
290	6100	35827
291	6116	35777
292	6135	35746
293	6153	35707
294	6170	35661
295	6188	35624
296	6205	35582
297	6223	35547
298	6242	35512
299	6262	35485
300	6280	35450
301	6298	35416
302	6318	35386
303	6340	35374
304	6358	35334
305	6375	35297
306	6393	35258
307	6410	35214
308	6432	35202
309	6452	35178
310	6472	35153
311	6492	35126
312	6510	35090
313	6528	35053
314	6547	35025
315	6564	34981
316	6582	34946
317	6601	34916
318	6620	34886
319	6636	34839
320	6654	34807
321	6676	34790
322	6694	34755
323	6714	34731
324	6732	34700
325	6751	34670
326	6767	34625
327	6786	34592
328	6805	34563
329	6824	34535
330	6843	34507
331	6861	34475
332	6884	34462
333	6899	34416
334	6917	34379
335	6938	34363
336	6958	34338
337	6978	34313
338	6993	34267
339	7011	34233
340	7028	34193
341	7049	34175
342	7068	34146
343	7085	34108
344	7103	34074
345	7120	34037
346	7138	34003
347	7158	33981
348	7178	33959
349	7200	33946
350	7219	33915
351	7240	33897
352	7260	33876
353	7279	33847
354	7296	33810
355	7315	33782
356	7334	33753
357	7352	33720
358	7369	33687
359	7387	33654
360	7403	33615
361	7424	33593
362	7442	33560
363	7461	33533
364	7479	33505
365	7499	33479
366	7518	33453
367	7537	33426
368	7555	33395
369	7577	33381
370	7594	33344
371	7611	33312
372	7627	33269
373	7644	33233
374	7660	33197
375	7682	33182
376	7717	33225
377	7744	33232
378	7770	33233
379	7787	33199
380	7808	33180
381	7836	33191
382	7857	33173
383	7877	33152
384	7895	33121
385	7917	33104
386	7940	33095
387	7961	33077
388	7984	33065
389	8003	33041
390	8024	33021
391	8045	33001
392	8062	32969
393	8080	32935
394	8100	32914
395	8122	32898
396	8138	32861
397	8156	32829
398	8177	32811
399	8196	32784
400	8217	32768
401	8233	32730
402	8252	32701
403	8271	32677
404	8289	32647
405	8307	32617
406	8327	32592
407	8344	32559
408	8363	32532
409	8382	32508
410	8399	32475
411	8417	32443
412	8436	32418
413	8454	32387
414	8471	32355
415	8487	32318
416	8506	32291
417	8523	32259
418	8547	32253
419	8567	32230
420	8584	32196
421	8602	32166
422	8623	32151
423	8641	32122
424	8657	32083
425	8675	32055
426	8699	32047
427	8717	32018
428	8738	31998
429	8757	31973
430	8776	31949
431	8794	31920
432	8816	31905
433	8833	31875
434	8853	31850
435	8875	31839
436	8892	31805
437	8911	31779
438	8930	31756
439	8952	31740
440	8967	31702
441	8986	31674
442	9003	31645
443	9025	31630
444	9045	31608
445	9065	31587
446	9082	31555
447	9103	31538
448	9124	31520
449	9142	31491
450	9163	31471
451	9184	31455
452	9204	31432
453	9226	31419
454	9245	31392
455	9262	31363
456	9284	31347
457	9303	31322
458	9320	31291
459	9336	31255
460	9355	31232
461	9374	31208
462	9394	31185
463	9411	31155
464	9430	31130
465	9449	31105
466	9466	31075
467	9483	31045
468	9503	31022
469	9521	30996
470	9540	30971
471	9556	30936
472	9573	30905
473	9590	30876
474	9608	30849
475	9626	30820
476	9648	30807
477	9670	30793
478	9690	30771
479	9710	30749
480	9729	30725
481	9746	30694
482	9761	30658
483	9779	30631
484	9797	30603
485	9814	30574
486	9834	30553
487	9853	30530
488	9870	30501
489	9890	30480
490	9907	30448
491	9926	30425
492	9944	30399
493	9963	30373
494	9987	30364
495	10003	30332
496	10019	30300
497	10038	30275
498	10054	30244
499	10070	30212
500	10091	30194
501	10111	30172
502	10129	30148
503	10150	30129
504	10167	30099
505	10187	30078
506	10206	30055
507	10225	30032
508	10243	30006
509	10262	29981
510	10284	29968
511	10301	29939
512	10320	29916
513	10338	29889
514	10356	29863
515	10375	29839
516	10393	29813
517	10410	29783
518	10426	29752
519	10443	29724
520	10462	29700
521	10480	29674
522	10498	29648
523	10518	29627
524	10538	29606
525	10556	29582
526	10573	29554
527	10594	29536
528	10613	29514
529	10633	29491
530	10652	29468
531	10674	29454
532	10694	29434
533	10712	29409
534	10731	29386
535	10746	29353
536	10768	29336
537	10785	29309
538	10802	29280
539	10820	29255
540	10840	29234
541	10859	29212
542	10879	29191
543	10897	29165
544	10913	29135
545	10932	29112
546	10951	29091
547	10968	29063
548	10988	29042
549	11010	29027
550	11026	28997
551	11048	28982
552	11068	28962
553	11087	28939
554	11105	28914
555	11124	28892
556	11140	28862
557	11160	28841
558	11179	28818
559	11197	28792
560	11214	28767
561	11231	28738
562	11253	28724
563	11273	28702
564	11292	28680
565	11313	28662
566	11330	28635
567	11349	28612
568	11368	28591
569	11385	28563
570	11399	28528
571	11420	28511
572	11438	28486
573	11455	28459
574	11472	28432
575	11490	28407
576	11507	28380
577	11527	28359
578	11543	28330
579	11561	28306
580	11578	28278
581	11595	28250
582	11612	28223
583	11630	28201
584	11651	28182
585	11668	28155
586	11689	28139
587	11708	28117
588	11725	28089
589	11740	28058
590	11759	28034
591	11778	28012
592	11794	27985
593	11810	27955
594	11830	27936
595	11850	27916
596	11869	27895
597	11889	27873
598	11907	27851
599	11923	27822
600	11941	27796
601	11960	27775
602	11981	27758
603	12000	27736
604	12018	27711
605	12035	27684
606	12051	27657
607	12067	27627
608	12086	27607
609	12104	27581
610	12124	27562
611	12140	27533
612	12159	27512
613	12177	27489
614	12197	27468
615	12216	27448
616	12233	27421
617	12252	27400
618	12270	27375
619	12288	27351
620	12305	27325
621	12321	27298
622	12338	27271
623	12356	27248
624	12374	27224
625	12393	27202
626	12410	27177
627	12427	27150
628	12447	27130
629	12468	27114
630	12486	27091
631	12505	27068
632	12523	27045
633	12541	27020
634	12559	26997
635	12578	26976
636	12594	26948
637	12612	26925
638	12630	26901
639	12649	26880
640	12667	26857
641	12692	26848
642	12710	26825
643	12728	26801
644	12749	26783
645	12769	26763
646	12787	26741
647	12803	26714
648	12819	26686
649	12837	26661
650	12857	26643
651	12876	26621
652	12892	26594
653	12911	26573
654	12929	26549
655	12950	26532
656	12967	26507
657	12986	26485
658	13004	26462
659	13021	26437
660	13043	26423
661	13064	26404
662	13084	26386
663	13105	26367
664	13122	26343
665	13139	26318
666	13156	26293
667	13174	26270
668	13191	26245
669	13208	26219
670	13225	26195
671	13246	26177
672	13265	26156
673	13283	26133
674	13300	26108
675	13318	26084
676	13335	26059
677	13356	26043
678	13374	26020
679	13391	25994
680	13409	25971
681	13427	25949
682	13445	25926
683	13463	25903
684	13482	25881
685	13501	25860
686	13518	25835
687	13537	25815
688	13559	25800
689	13576	25774
690	13598	25760
691	13620	25744
692	13637	25720
693	13655	25698
694	13676	25679
695	13694	25657
696	13713	25636
697	13728	25608
698	13748	25589
699	13767	25568
700	13787	25549
701	13805	25526
702	13822	25502
703	13840	25478
704	13858	25457
705	13878	25437
706	13895	25412
707	13913	25390
708	13931	25367
709	13949	25344
710	13966	25320
711	13983	25295
712	14002	25274
713	14022	25256
714	14040	25233
715	14058	25211
716	14078	25191
717	14099	25174
718	14117	25152
719	14137	25132
720	14156	25112
721	14173	25087
722	14192	25068
723	14211	25047
724	14230	25025
725	14250	25006
726	14270	24987
727	14289	24967
728	14305	24940
729	14324	24919
730	14340	24894
731	14359	24873
732	14377	24852
733	14394	24827
734	14412	24805
735	14431	24783
736	14449	24761
737	14468	24741
738	14486	24719
739	14503	24694
740	14522	24674
741	14547	24664
742	14563	24637
743	14582	24617
744	14600	24594
745	14617	24571
746	14636	24550
747	14654	24528
748	14672	24507
749	14694	24491
750	14714	24471
751	14733	24451
752	14756	24437
753	14774	24414
754	14795	24398
755	14815	24378
756	14831	24352
757	14851	24334
758	14866	24307
759	14883	24282
760	14899	24257
761	14918	24238
762	14937	24217
763	14955	24195
764	14975	24175
765	14993	24154
766	15013	24134
767	15030	24111
768	15050	24092
769	15068	24070
770	15087	24049
771	15107	24030
772	15122	24004
773	15143	23986
774	15162	23966
775	15183	23949
776	15200	23925
777	15220	23907
778	15241	23889
779	15259	23867
780	15277	23845
781	15295	23823
782	15313	23800
783	15332	23780
784	15350	23758
785	15367	23735
786	15384	23711
787	15401	23689
788	15421	23670
789	15438	23646
790	15455	23623
791	15472	23598
792	15490	23576
793	15507	23554
794	15526	23533
795	15542	23509
796	15563	23491
797	15581	23469
798	15599	23447
799	15618	23427
800	15636	23405
801	15654	23384
802	15673	23363
803	15691	23341
804	15708	23319
805	15724	23294
806	15740	23269
807	15758	23247
808	15775	23224
809	15794	23203
810	15812	23182
811	15830	23161
812	15847	23137
813	15867	23119
814	15887	23100
815	15909	23084
816	15927	23063
817	15945	23040
818	15962	23018
819	15981	22998
820	16003	22982
821	16019	22957
822	16035	22932
823	16053	22910
824	16073	22892
825	16089	22868
826	16108	22848
827	16125	22824
828	16144	22804
829	16162	22783
830	16179	22760
831	16197	22738
832	16218	22720
833	16235	22698
834	16253	22677
835	16272	22657
836	16300	22649
837	16319	22629
838	16340	22611
839	16358	22589
840	16377	22570
841	16396	22550
842	16414	22528
843	16434	22510
844	16451	22486
845	16468	22463
846	16487	22443
847	16505	22422
848	16526	22404
849	16543	22382
850	16562	22362
851	16580	22341
852	16601	22323
853	16619	22302
854	16639	22283
855	16653	22256
856	16669	22232
857	16687	22210
858	16706	22190
859	16724	22169
860	16743	22149
861	16762	22129
862	16781	22109
863	16800	22088
864	16819	22069
865	16833	22042
866	16849	22019
867	16868	21999
868	16888	21980
869	16904	21956
870	16919	21931
871	16940	21913
872	16954	21887
873	16973	21867
874	16993	21848
875	17011	21827
876	17033	21811
877	17051	21790
878	17074	21774
879	17091	21753
880	17113	21736
881	17136	21721
882	17150	21695
883	17170	21676
884	17186	21653
885	17206	21633
886	17225	21614
887	17241	21590
888	17259	21569
889	17279	21550
890	17297	21530
891	17316	21510
892	17334	21488
893	17358	21474
894	17374	21450
895	17392	21430
896	17410	21409
897	17430	21389
898	17445	21365
899	17464	21345
900	17483	21325
901	17505	21309
902	17523	21288
903	17544	21270
904	17563	21250
905	17584	21233
906	17600	21209
907	17625	21196
908	17642	21174
909	17662	21156
910	17709	21169
911	17731	21152
912	17748	21131
913	17768	21112
914	17787	21092
915	17811	21078
916	17837	21067
917	17861	21052
918	17880	21032
919	17899	21012
920	17918	20992
921	17938	20973
922	17958	20955
923	17977	20934
924	17994	20912
925	18014	20893
926	18034	20874
927	18055	20856
928	18073	20836
929	18092	20816
930	18111	20795
931	18127	20772
932	18143	20749
933	18162	20729
934	18185	20713
935	18201	20690
936	18218	20667
937	18234	20644
938	18251	20623
939	18268	20600
940	18288	20582
941	18310	20565
942	18329	20544
943	18348	20525
944	18365	20503
945	18381	20480
946	18404	20464
947	18421	20441
948	18438	20420
949	18455	20397
950	18471	20375
951	18490	20354
952	18509	20334
953	18527	20314
954	18544	20292
955	18563	20272
956	18583	20253
957	18599	20230
958	18616	20208
959	18636	20189
960	18654	20168
961	18672	20147
962	18688	20124
963	18706	20104
964	18724	20082
965	18742	20062
966	18760	20040
967	18778	20019
968	18796	19998
969	18817	19980
970	18835	19960
971	18854	19940
972	18869	19917
973	18888	19896
974	18905	19874
975	18923	19854
976	18941	19833
977	18959	19812
978	18976	19790
979	18997	19772
980	19011	19748
981	19029	19726
982	19048	19707
983	19067	19687
984	19085	19667
985	19104	19646
986	19123	19626
987	19142	19607
988	19164	19590
989	19183	19571
990	19201	19550
991	19218	19528
992	19240	19511
993	19262	19495
994	19283	19477
995	19302	19457
996	19321	19437
997	19343	19420
998	19363	19402
999	19380	19380
1000	19399	19360
1001	19416	19338
1002	19434	19317
1003	19453	19298
1004	19477	19284
1005	19493	19261
1006	19513	19242
1007	19531	19221
1008	19549	19201
1009	19568	19181
1010	19586	19160
1011	19607	19142
1012	19625	19122
1013	19642	19100
1014	19663	19082
1015	19687	19067
1016	19705	19047
1017	19726	19028
1018	19743	19007
1019	19764	18989
1020	19786	18972
1021	19805	18953
1022	19829	18937
1023	19848	18918
1024	19866	18897
1025	19885	18878
1026	19905	18858
1027	19923	18838
1028	19946	18822
1029	19964	18801
1030	19983	18781
1031	20002	18762
1032	20023	18743
1033	20043	18725
1034	20061	18704
1035	20080	18684
1036	20096	18662
1037	20113	18641
1038	20129	18618
1039	20147	18597
1040	20165	18577
1041	20182	18555
1042	20198	18533
1043	20216	18512
1044	20234	18492
1045	20251	18470
1046	20267	18448
1047	20287	18429
1048	20304	18407
1049	20321	18385
1050	20341	18367
1051	20359	18346
1052	20379	18327
1053	20403	18312
1054	20419	18290
1055	20440	18272
1056	20456	18250
1057	20477	18232
1058	20496	18212
1059	20513	18191
1060	20532	18171
1061	20549	18149
1062	20562	18125
1063	20580	18105
1064	20599	18085
1065	20619	18066
1066	20638	18046
1067	20657	18026
1068	20676	18007
1069	20693	17985
1070	20713	17967
1071	20732	17947
1072	20747	17924
1073	20763	17902
1074	20782	17882
1075	20800	17862
1076	20817	17840
1077	20837	17822
1078	20854	17800
1079	20871	17779
1080	20888	17758
1081	20908	17739
1082	20924	17717
1083	20946	17700
1084	20961	17677
1085	20981	17658
1086	20997	17636
1087	21014	17615
1088	21032	17594
1089	21049	17573
1090	21066	17552
1091	21083	17531
1092	21100	17510
1093	21131	17500
1094	21162	17490
1095	21188	17476
1096	21217	17464
1097	21238	17447
1098	21264	17433
1099	21282	17413
1100	21302	17394
1101	21319	17372
1102	21337	17352
1103	21358	17334
1104	21377	17314
1105	21395	17293
1106	21412	17273
1107	21430	17252
1108	21448	17232
1109	21468	17213
1110	21486	17193
1111	21507	17175
1112	21522	17152
1113	21541	17132
1114	21560	17113
1115	21577	17091
1116	21599	17074
1117	21616	17053
1118	21637	17035
1119	21654	17014
1120	21672	16993
1121	21688	16972
1122	21706	16951
1123	21723	16930
1124	21741	16910
1125	21759	16889
1126	21777	16869
1127	21796	16849
1128	21814	16829
1129	21830	16807
1130	21847	16786
1131	21867	16767
1132	21888	16749
1133	21907	16730
1134	21927	16710
1135	21949	16693
1136	21968	16674
1137	21988	16655
1138	22007	16636
1139	22026	16616
1140	22043	16595
1141	22059	16573
1142	22079	16554
1143	22096	16533
1144	22116	16514
1145	22134	16494
1146	22154	16475
1147	22171	16454
1148	22190	16435
1149	22209	16415
1150	22226	16394
1151	22244	16374
1152	22262	16353
1153	22279	16332
1154	22294	16310
1155	22311	16289
1156	22328	16268
1157	22346	16248
1158	22366	16230
1159	22383	16208
1160	22403	16189
1161	22422	16170
1162	22438	16148
1163	22456	16128
1164	22475	16109
1165	22500	16093
1166	22519	16074
1167	22537	16054
1168	22555	16033
1169	22571	16011
1170	22591	15993
1171	22608	15972
1172	22626	15952
1173	22644	15932
1174	22662	15911
1175	22678	15890
1176	22696	15869
1177	22715	15850
1178	22730	15828
1179	22747	15807
1180	22766	15787
1181	22785	15768
1182	22806	15750
1183	22829	15733
1184	22849	15715
1185	22870	15697
1186	22886	15675
1187	22904	15655
1188	22924	15636
1189	22942	15616
1190	22964	15598
1191	22982	15578
1192	23000	15558
1193	23021	15540
1194	23040	15521
1195	23058	15500
1196	23075	15479
1197	23094	15460
1198	23111	15439
1199	23129	15419
1200	23151	15402
1201	23168	15381
1202	23186	15361
1203	23206	15342
1204	23224	15322
1205	23242	15302
1206	23260	15281
1207	23275	15260
1208	23291	15238
1209	23308	15217
1210	23324	15196
1211	23346	15179
1212	23369	15161
1213	23387	15142
1214	23408	15123
1215	23427	15104
1216	23445	15084
1217	23464	15065
1218	23483	15045
1219	23501	15025
1220	23519	15005
1221	23538	14985
1222	23559	14967
1223	23579	14948
1224	23594	14927
1225	23611	14906
1226	23630	14887
1227	23647	14866
1228	23666	14847
1229	23687	14828
1230	23706	14809
1231	23725	14790
1232	23744	14770
1233	23762	14750
1234	23780	14730
1235	23797	14709
1236	23815	14689
1237	23835	14670
1238	23857	14653
1239	23873	14631
1240	23894	14613
1241	23912	14593
1242	23932	14575
1243	23948	14554
1244	23965	14533
1245	23982	14512
1246	23999	14492
1247	24018	14472
1248	24036	14452
1249	24050	14430
1250	24068	14410
1251	24082	14387
1252	24102	14369
1253	24126	14352
1254	24142	14331
1255	24159	14310
1256	24178	14291
1257	24195	14271
1258	24214	14251
1259	24234	14232
1260	24253	14213
1261	24269	14192
1262	24289	14173
1263	24307	14153
1264	24328	14135
1265	24349	14117
1266	24366	14096
1267	24386	14078
1268	24404	14058
1269	24422	14038
1270	24441	14018
1271	24458	13998
1272	24477	13978
1273	24495	13959
1274	24512	13938
1275	24531	13919
1276	24549	13899
1277	24566	13878
1278	24584	13858
1279	24604	13839
1280	24625	13821
1281	24646	13803
1282	24667	13785
1283	24683	13764
1284	24706	13746
1285	24722	13725
1286	24740	13706
1287	24761	13687
1288	24782	13669
1289	24801	13650
1290	24821	13631
1291	24842	13613
1292	24859	13593
1293	24879	13573
1294	24895	13553
1295	24915	13534
1296	24937	13516
1297	24956	13497
1298	24973	13476
1299	24990	13456
1300	25009	13437
1301	25026	13416
1302	25045	13397
1303	25062	13376
1304	25079	13356
1305	25100	13338
1306	25124	13321
1307	25149	13305
1308	25167	13285
1309	25186	13266
1310	25202	13245
1311	25224	13227
1312	25243	13208
1313	25262	13188
1314	25279	13168
1315	25296	13148
1316	25320	13131
1317	25341	13113
1318	25359	13093
1319	25381	13075
1320	25404	13057
1321	25423	13038
1322	25442	13019
1323	25463	13000
1324	25479	12979
1325	25500	12961
1326	25519	12942
1327	25538	12922
1328	25559	12904
1329	25579	12885
1330	25601	12868
1331	25617	12847
1332	25636	12828
1333	25654	12808
1334	25673	12788
1335	25693	12769
1336	25713	12751
1337	25732	12731
1338	25751	12712
1339	25768	12691
1340	25784	12671
1341	25801	12650
1342	25820	12631
1343	25837	12611
1344	25854	12590
1345	25871	12570
1346	25891	12551
1347	25910	12532
1348	25928	12512
1349	25946	12492
1350	25964	12472
1351	25986	12455
1352	26007	12436
1353	26027	12417
1354	26045	12398
1355	26064	12378
1356	26084	12359
1357	26101	12339
1358	26122	12321
1359	26138	12300
1360	26161	12283
1361	26178	12262
1362	26196	12243
1363	26213	12222
1364	26230	12202
1365	26249	12183
1366	26268	12163
1367	26287	12144
1368	26305	12124
1369	26325	12105
1370	26344	12086
1371	26362	12066
1372	26383	12048
1373	26402	12028
1374	26420	12009
1375	26442	11991
1376	26460	11971
1377	26477	11951
1378	26496	11931
1379	26517	11913
1380	26532	11892
1381	26549	11872
1382	26568	11853
1383	26587	11833
1384	26605	11814
1385	26624	11794
1386	26641	11774
1387	26659	11754
1388	26679	11735
1389	26697	11716
1390	26718	11697
1391	26736	11678
1392	26756	11659
1393	26774	11639
1394	26789	11618
1395	26807	11598
1396	26826	11579
1397	26847	11560
1398	26867	11542
1399	26885	11522
1400	26903	11502
1401	26919	11481
1402	26937	11462
1403	26953	11442
1404	26971	11421
1405	26988	11402
1406	27008	11383
1407	27025	11363
1408	27042	11342
1409	27061	11323
1410	27078	11303
1411	27096	11283
1412	27113	11263
1413	27131	11244
1414	27152	11225
1415	27170	11206
1416	27192	11187
1417	27212	11168
1418	27231	11149
1419	27248	11129
1420	27266	11110
1421	27289	11092
1422	27307	11072
1423	27324	11052
1424	27342	11033
1425	27360	11013
1426	27378	10993
1427	27395	10973
1428	27415	10954
1429	27433	10935
1430	27454	10916
1431	27473	10897
1432	27491	10877
1433	27506	10856
1434	27523	10836
1435	27544	10818
1436	27562	10798
1437	27600	10786
1438	27627	10770
1439	27645	10750
1440	27659	10729
1441	27674	10709
1442	27689	10688
1443	27702	10666
1444	27721	10647
1445	27736	10626
1446	27755	10607
1447	27772	10587
1448	27788	10566
1449	27803	10546
1450	27821	10526
1451	27838	10506
1452	27858	10487
1453	27876	10468
1454	27896	10449
1455	27917	10430
1456	27934	10410
1457	27951	10390
1458	27968	10370
1459	27989	10352
1460	28006	10332
1461	28022	10312
1462	28040	10292
1463	28059	10273
1464	28076	10253
1465	28094	10233
1466	28113	10214
1467	28130	10194
1468	28148	10174
1469	28166	10155
1470	28182	10135
1471	28199	10115
1472	28216	10095
1473	28233	10075
1474	28255	10056
1475	28274	10037
1476	28291	10017
1477	28310	9998
1478	28329	9979
1479	28344	9958
1480	28365	9940
1481	28388	9922
1482	28407	9903
1483	28426	9884
1484	28444	9864
1485	28461	9844
1486	28477	9824
1487	28496	9805
1488	28512	9785
1489	28530	9765
1490	28547	9745
1491	28566	9726
1492	28584	9706
1493	28600	9686
1494	28618	9667
1495	28635	9647
1496	28652	9627
1497	28671	9608
1498	28690	9588
1499	28710	9570
1500	28729	9550
1501	28746	9531
1502	28764	9511
1503	28782	9492
1504	28796	9471
1505	28815	9452
1506	28834	9432
1507	28854	9414
1508	28869	9393
1509	28891	9375
1510	28909	9355
1511	28925	9335
1512	28944	9316
1513	28962	9297
1514	28983	9278
1515	29007	9260
1516	29024	9241
1517	29041	9221
1518	29062	9202
1519	29078	9182
1520	29099	9164
1521	29119	9145
1522	29139	9126
1523	29159	9107
1524	29177	9088
1525	29194	9068
1526	29213	9048
1527	29231	9029
1528	29250	9010
1529	29265	8990
1530	29284	8970
1531	29304	8951
1532	29319	8931
1533	29338	8912
1534	29357	8893
1535	29374	8873
1536	29396	8855
1537	29414	8835
1538	29430	8815
1539	29447	8796
1540	29467	8777
1541	29485	8757
1542	29504	8738
1543	29521	8718
1544	29539	8699
1545	29556	8679
1546	29572	8659
1547	29591	8640
1548	29609	8620
1549	29627	8601
1550	29648	8583
1551	29669	8564
1552	29686	8544
1553	29703	8524
1554	29724	8506
1555	29745	8487
1556	29768	8469
1557	29787	8450
1558	29810	8432
1559	29827	8412
1560	29842	8392
1561	29861	8373
1562	29878	8353
1563	29899	8335
1564	29916	8315
1565	29933	8295
1566	29952	8276
1567	29972	8257
1568	29992	8238
1569	30010	8219
1570	30031	8200
1571	30051	8181
1572	30069	8162
1573	30090	8143
1574	30107	8124
1575	30126	8105
1576	30143	8085
1577	30162	8066
1578	30179	8046
1579	30200	8027
1580	30222	8009
1581	30240	7990
1582	30259	7970
1583	30280	7952
1584	30301	7933
1585	30321	7915
1586	30340	7895
1587	30357	7876
1588	30374	7856
1589	30393	7837
1590	30413	7818
1591	30429	7798
1592	30451	7780
1593	30473	7761
1594	30490	7742
1595	30510	7723
1596	30524	7702
1597	30538	7682
1598	30556	7662
1599	30576	7644
1600	30596	7625
1601	30616	7606
1602	30635	7587
1603	30652	7567
1604	30667	7547
1605	30681	7527
1606	30697	7507
1607	30715	7487
1608	30734	7468
1609	30747	7448
1610	30765	7428
1611	30782	7409
1612	30798	7389
1613	30813	7369
1614	30827	7348
1615	30838	7328
1616	30852	7307
1617	30866	7287
1618	30882	7267
1619	30894	7246
1620	30909	7226
1621	30922	7206
1622	30936	7186
1623	30948	7165
1624	30961	7144
1625	30975	7124
1626	30988	7104
1627	31000	7083
1628	31015	7063
1629	31029	7043
1630	31045	7023
1631	31058	7003
1632	31071	6983
1633	31084	6962
1634	31097	6942
1635	31110	6921
1636	31121	6901
1637	31134	6880
1638	31146	6860
1639	31158	6839
1640	31172	6819
1641	31185	6799
1642	31195	6778
1643	31210	6758
1644	31222	6737
1645	31234	6717
1646	31247	6697
1647	31260	6677
1648	31273	6656
1649	31285	6636
1650	31297	6615
1651	31309	6595
1652	31323	6575
1653	31336	6555
1654	31348	6534
1655	31361	6514
1656	31374	6494
1657	31387	6474
1658	31400	6454
1659	31413	6434
1660	31425	6413
1661	31437	6393
1662	31449	6373
1663	31463	6353
1664	31475	6332
1665	31486	6312
1666	31499	6292
1667	31510	6271
1668	31521	6251
1669	31533	6231
1670	31543	6210
1671	31556	6190
1672	31567	6170
1673	31578	6149
1674	31589	6129
1675	31601	6109
1676	31611	6088
1677	31623	6068
1678	31635	6048
1679	31647	6028
1680	31659	6007
1681	31672	5988
1682	31685	5968
1683	31697	5947
1684	31708	5927
1685	31720	5907
1686	31732	5887
1687	31746	5867
1688	31758	5847
1689	31770	5827
1690	31783	5807
1691	31796	5787
1692	31808	5767
1693	31820	5747
1694	31832	5727
1695	31845	5708
1696	31856	5688
1697	31870	5668
1698	31882	5648
1699	31896	5628
1700	31906	5608
1701	31918	5588
1702	31930	5568
1703	31942	5548
1704	31957	5529
1705	31969	5509
1706	31981	5489
1707	31995	5470
1708	32008	5450
1709	32020	5430
1710	32034	5410
1711	32047	5391
1712	32057	5371
1713	32068	5351
1714	32083	5331
1715	32095	5311
1716	32107	5292
1717	32119	5272
1718	32132	5252
1719	32143	5232
1720	32153	5212
1721	32166	5192
1722	32180	5173
1723	32193	5153
1724	32205	5134
1725	32218	5114
1726	32231	5095
1727	32243	5075
1728	32256	5055
1729	32269	5036
1730	32284	5017
1731	32299	4997
1732	32313	4978
1733	32328	4959
1734	32342	4939
1735	32357	4920
1736	32371	4901
1737	32384	4881
1738	32400	4862
1739	32415	4843
1740	32429	4824
1741	32442	4804
1742	32454	4785
1743	32466	4765
1744	32478	4746
1745	32492	4726
1746	32504	4707
1747	32515	4687
1748	32528	4668
1749	32540	4648
1750	32553	4629
1751	32565	4609
1752	32577	4590
1753	32588	4570
1754	32601	4551
1755	32612	4531
1756	32625	4512
1757	32636	4492
1758	32650	4473
1759	32661	4453
1760	32674	4434
1761	32687	4415
1762	32699	4395
1763	32711	4376
1764	32724	4357
1765	32736	4337
1766	32747	4318
1767	32759	4298
1768	32773	4279
1769	32785	4260
1770	32798	4241
1771	32812	4221
1772	32826	4202
1773	32840	4183
1774	32854	4164
1775	32865	4145
1776	32877	4125
1777	32888	4106
1778	32900	4087
1779	32913	4068
1780	32926	4048
1781	32938	4029
1782	32951	4010
1783	32964	3991
1784	32975	3971
1785	32988	3952
1786	33001	3933
1787	33017	3914
1788	33027	3895
1789	33040	3876
1790	33051	3856
1791	33063	3837
1792	33074	3818
1793	33086	3799
1794	33098	3780
1795	33109	3760
1796	33121	3741
1797	33133	3722
1798	33144	3703
1799	33156	3684
1800	33170	3665
1801	33181	3645
1802	33193	3626
1803	33205	3607
1804	33217	3588
1805	33229	3569
1806	33242	3550
1807	33253	3531
1808	33265	3512
1809	33276	3493
1810	33287	3473
1811	33300	3455
1812	33313	3436
1813	33325	3417
1814	33338	3398
1815	33351	3379
1816	33363	3360
1817	33376	3341
1818	33388	3322
1819	33400	3303
1820	33415	3284
1821	33426	3265
1822	33440	3246
1823	33454	3228
1824	33466	3209
1825	33480	3190
1826	33491	3171
1827	33503	3152
1828	33515	3133
1829	33526	3114
1830	33539	3095
1831	33551	3076
1832	33563	3057
1833	33574	3038
1834	33585	3019
1835	33598	3001
1836	33610	2982
1837	33623	2963
1838	33633	2944
1839	33645	2925
1840	33658	2906
1841	33670	2888
1842	33682	2869
1843	33694	2850
1844	33706	2831
1845	33718	2812
1846	33729	2794
1847	33740	2775
1848	33752	2756
1849	33765	2737
1850	33777	2719
1851	33789	2700
1852	33802	2681
1853	33813	2662
1854	33826	2644
1855	33840	2625
1856	33852	2606
1857	33863	2588
1858	33876	2569
1859	33887	2550
1860	33900	2532
1861	33911	2513
1862	33923	2494
1863	33934	2475
1864	33946	2457
1865	33958	2438
1866	33971	2420
1867	33982	2401
1868	33995	2382
1869	34006	2364
1870	34019	2345
1871	34031	2326
1872	34042	2308
1873	34056	2289
1874	34067	2271
1875	34079	2252
1876	34091	2234
1877	34102	2215
1878	34115	2196
1879	34127	2178
1880	34141	2159
1881	34154	2141
1882	34165	2122
1883	34176	2104
1884	34188	2085
1885	34200	2067
1886	34212	2048
1887	34224	2030
1888	34235	2011
1889	34247	1993
1890	34258	1974
1891	34270	1956
1892	34282	1937
1893	34305	1919
1894	34318	1901
1895	34329	1883
1896	34343	1864
1897	34355	1846
1898	34367	1827
1899	34379	1809
1900	34391	1791
1901	34404	1772
1902	34418	1754
1903	34429	1735
1904	34441	1717
1905	34453	1699
1906	34466	1680
1907	34480	1662
1908	34492	1644
1909	34506	1625
1910	34519	1607
1911	34532	1589
1912	34544	1571
1913	34557	1552
1914	34569	1534
1915	34581	1516
1916	34593	1497
1917	34607	1479
1918	34620	1461
1919	34633	1443
1920	34645	1424
1921	34655	1406
1922	34668	1388
1923	34680	1369
1924	34692	1351
1925	34704	1333
1926	34716	1315
1927	34729	1296
1928	34742	1278
1929	34754	1260
1930	34768	1242
1931	34780	1224
1932	34793	1205
1933	34805	1187
1934	34818	1169
1935	34832	1151
1936	34844	1133
1937	34857	1115
1938	34869	1096
1939	34881	1078
1940	34893	1060
1941	34905	1042
1942	34919	1024
1943	34929	1006
1944	34940	988
1945	34951	969
1946	34963	951
1947	34974	933
1948	34984	915
1949	34994	897
1950	35004	879
1951	35015	861
1952	35024	842
1953	35033	824
1954	35044	806
1955	35054	788
1956	35063	770
1957	35073	752
1958	35082	734
1959	35092	716
1960	35100	698
1961	35110	680
1962	35119	661
1963	35129	643
1964	35139	625
1965	35147	607
1966	35156	589
1967	35163	571
1968	35172	553
1969	35181	535
1970	35188	517
1971	35196	499
1972	35205	481
1973	35213	463
1974	35221	445
1975	35230	427
1976	35238	409
1977	35246	392
1978	35255	374
1979	35263	356
1980	35270	338
1981	35277	320
1982	35285	302
1983	35292	284
1984	35299	266
1985	35307	248
1986	35313	231
1987	35320	213
1988	35328	195
1989	35335	177
1990	35341	159
1991	35348	141
1992	35355	124
1993	35361	106
1994	35367	88
1995	35374	70
1996	35382	53
1997	35388	35
1998	35395	17
1999	35402	0
